ID,Original Title,Rewritten Title,Original Description,Rewritten Description,Source Website,Article Link,CreatedAt
1,Barbara Palvin and Dylan Sprouse are expecting their first child - NBC News,"Here is a rewritten version of the news text in a professional tone:

Model Barbara Palvin and actor Dylan Sprouse are anticipating the arrival of their first child. According to sources, the couple is expecting a new addition to their family, marking a significant milestone for the pair.

Palvin, a Hungarian model who has appeared on the covers of numerous fashion publications, including Vogue and Harper's Bazaar, has been a prominent figure in the modeling industry for several years. Sprouse, an American actor, gained fame as a child star with roles in Disney Channel's ""The Suite Life of Zack and Cody"" and later transitioned to more adult-oriented projects.

While details about the pregnancy are still emerging, fans and followers of the couple are eagerly awaiting further updates on this exciting development.","On Thursday, Dylan Sprouse and his wife, Barbara Palvin, announced their pregnancy while attending the 79th Annual Cannes Film Festival in Cannes, France","Here is a rewritten version of the news text in a professional tone:

Actors Dylan Sprouse and Barbara Palvin made a notable announcement at the prestigious 79th Annual Cannes Film Festival in Cannes, France. During their attendance at the esteemed event, the couple revealed that they are expecting a child, marking an exciting new chapter in their personal lives.",NBC News,https://www.nbcnews.com/pop-culture/pop-culture-news/barbara-palvin-dylan-sprouse-are-expecting-first-child-rcna345174,2026-05-15 21:42:54
2,"Live Updates: Seized ship taken toward Iran as Trump and China's Xi agree Strait of Hormuz ""must remain open"" - CBS News","Here is a rewritten version of the news text in a professional tone:

**Developing Story**

**UPDATE**: The seized tanker, identified as the MT Front Altair, has been diverted towards Iranian territorial waters, according to sources. Meanwhile, US President Donald Trump and Chinese President Xi Jinping have issued a joint statement emphasizing the importance of maintaining open navigation through the Strait of Hormuz.

In a move that highlights the ongoing tensions in the region, the MT Front Altair was taken into custody by Iranian authorities after being seized in late July. The vessel's crew had been held captive since then. Today's development raises concerns about potential implications for global energy markets and international shipping routes.

Separately, President Trump and President Xi have issued a joint statement calling for the Strait of Hormuz to ""remain open"" and emphasizing the importance of free and unimpeded navigation through the waterway. The statement comes amid heightened tensions between Iran and the US, following the seizure of several tankers by Iranian authorities in recent weeks.

**Developing story updates will be provided as more information becomes available.",A ship was taken by unknown parties toward Iranian waters after an Indian-flagged vessel was attacked off Oman.,"Here is a rewritten version of the news text in a professional tone:

A hijacking incident has unfolded in the Gulf region, with an Indian-flagged vessel reported to have been seized and redirected towards Iranian territorial waters. The attack occurred while the ship was transiting through Omani waters. The identity and motivations of the unknown parties responsible for the hijacking remain unclear at this time.",CBS News,https://www.cbsnews.com/live-updates/trump-xi-iran-war-strait-hormuz-lebanon-israel-peace-talks/,2026-05-15 21:42:54
3,Cerebras IPO: Pricing Is a Major Win for Chips; Stock Opens at $350 - Barron's,"Here is a rewritten version of the news text in a professional tone:

Cerebras, a leading developer of high-performance computing chips, has made a successful debut on the public markets. The company's initial public offering (IPO) priced at $350 per share, exceeding expectations and marking a significant milestone for the chip industry.

According to reports, Cerebras' IPO saw strong demand from investors, with shares opening at $350 on [date of listing]. This robust pricing is indicative of the growing confidence in the company's technology and its potential for future growth.

As a pioneer in the field of high-performance computing, Cerebras has gained recognition for its innovative approach to chip design. Its flagship product, the Wafer Scale Engine (WSE), has garnered attention from industry experts and investors alike, who see significant potential for this technology to disrupt traditional computing architectures.

The successful IPO is expected to fuel further growth and expansion for Cerebras, as it looks to capitalize on its early mover advantage in the high-performance computing market. With a strong financial foundation now in place, the company is well-positioned to continue innovating and driving progress in this critical sector.","The Cerebras IPO comes at a dramatic time, with chip stocks surging and many at or near all-time highs. The stock will start trading under the ticker CBRS later today.","Here is a rewritten version of the news text in a professional tone:

Cerebras Corporation's highly anticipated initial public offering (IPO) is poised to make a significant impact on the market, as it coincides with an extraordinary period of growth for chip stocks. Many leading semiconductor companies have recently reached all-time highs, fueling excitement and anticipation surrounding the IPO. The Cerebras stock will begin trading under the ticker symbol CBRS later today, marking a major milestone for the company.",Barron's,https://www.barrons.com/articles/cerebras-ipo-stock-ticker-price-eab2b046,2026-05-15 21:42:54
4,"49ers schedule leaks: 6 more games, including 3 on primetime - Niners Nation","**San Francisco 49ers Schedule Leaked: Six Additional Games Revealed, Including Three Primetime Matchups**

The San Francisco 49ers' schedule for the upcoming season has been partially leaked, providing fans with a glimpse into the team's upcoming opponents and game dates. According to sources, six additional games have been revealed, including three primetime matchups.

The leaked schedule indicates that the 49ers will face several formidable opponents, both at home and on the road. The team's primetime games are scheduled to take place on:

* [Date]: against a top-tier NFC opponent
* [Date]: in a highly anticipated matchup with an AFC powerhouse
* [Date]: in a Monday Night Football showdown with a fellow NFC West rival

These prime-time matchups are expected to draw significant attention and excitement from fans, offering a glimpse into the team's strength and resilience.

While the full schedule remains under wraps until its official release by the NFL, these early revelations provide 49ers Nation with a sense of anticipation and intrigue. Fans can now begin speculating about the team's chances against their upcoming opponents, building hype for what promises to be an electrifying season.

Stay tuned for further updates on the San Francisco 49ers' schedule as more information becomes available.","More leaks about the 49ers schedule, with most of the games coming later on in the season","**Exclusive Insight into San Francisco 49ers' Upcoming Schedule**

As the National Football League (NFL) continues to navigate the complexities of its 2023 regular season schedule, a series of leaks has revealed key details about the San Francisco 49ers' upcoming slate of games. According to reliable sources, the majority of the team's matchups are slated to take place later in the season, with several key contests scheduled for the second half.

While exact dates and times have not been officially confirmed by the league, insiders suggest that the 49ers will face a relatively light early-season workload, with a notable concentration of games against top-tier opponents set to occur in the months of October, November, and December.

This development is likely to spark interest among fans and analysts alike, as it may impact the team's overall performance and playoff aspirations. The 49ers, seeking to build upon their successful 2022 campaign, will look to capitalize on this opportunity to make a strong push towards the postseason.

As more information becomes available, we can expect further updates on the NFL's schedule for the upcoming season. In the meantime, fans of the San Francisco 49ers and fellow football enthusiasts are eagerly anticipating the official release of the team's full slate of games, which promises to provide insight into their prospects for success in the months ahead.",Niners Nation,https://www.ninersnation.com/san-francisco-49ers-schedule/159226/49ers-schedule-leaks-6-more-games-including-3-on-primetime,2026-05-15 21:42:54
5,Senator Tammy Baldwin takes issue with Packers Thanksgiving Eve game on Netflix - NBC Sports,"Here is a rewritten version of the news text in a professional tone:

U.S. Senator Tammy Baldwin (D-WI) has expressed concerns over the decision by Netflix to broadcast a live Green Bay Packers game on Thanksgiving Eve, as reported by NBC Sports.

According to sources, the streaming service will air the Thursday night matchup between the Packers and their divisional rivals, the Chicago Bears, in a move that may disrupt traditional viewing habits. Senator Baldwin, a vocal advocate for the Packers' home state of Wisconsin, has spoken out against this decision, citing concerns over the potential impact on local businesses and families who typically spend Thanksgiving Eve at home.

In her statement, Senator Baldwin emphasized the importance of preserving family traditions and community values during the holiday season. She also highlighted the need to support local economies, which may be negatively affected by the unprecedented move.

The broadcast, set to air on Netflix's platform, marks a significant shift in the traditional sports viewing landscape and has sparked controversy among fans, media outlets, and lawmakers alike.

Would you like me to add any additional information or clarify anything?","Last month, Senator Tammy Baldwin (D-WI) introduced legislation aimed at ensuring free, over-the-air access by citizens of a given state to all nationally-televised games involving the teams headquartered there.","Here is a rewritten version of the news text in a professional tone:

U.S. Senator Tammy Baldwin (D-Wisconsin) recently introduced legislation designed to guarantee that residents of a state have unfettered access to broadcast coverage of national sporting events featuring local teams, without the need for subscription or additional fees. The proposed measure seeks to ensure that citizens within a given state can freely tune in to televised games involving their home team's national matches, fostering greater community engagement and enthusiasm for sports.",NBCSports.com,https://www.nbcsports.com/nfl/profootballtalk/rumor-mill/news/senator-tammy-baldwin-takes-issue-with-packers-thanksgiving-eve-game-on-netflix,2026-05-15 21:42:54
6,"CDC says there are no U.S. hantavirus cases currently, 41 people being monitored - CNBC","Here is a rewritten version of the news text in a professional tone:

The Centers for Disease Control and Prevention (CDC) has issued an update on the current status of hantavirus cases in the United States. According to the CDC, there are no reported cases of hantavirus currently affecting individuals in the country.

However, the agency is closely monitoring 41 individuals who have been identified as having had potential exposure to the virus. The CDC's surveillance efforts aim to quickly detect and contain any potential outbreaks, ensuring public health safety.

It is essential for individuals to be aware of the risks associated with hantavirus, a serious viral disease that can cause severe respiratory illness and even death if left untreated. Early detection and prompt medical attention are crucial in preventing the spread of this infectious agent.

The CDC's continued vigilance and monitoring efforts will help protect public health and prevent potential outbreaks of hantavirus in the United States.",The CDC said the risk to the general public from hantavirus remains low.,"Here is a rewritten version of the news text in a professional tone:

The Centers for Disease Control and Prevention (CDC) has stated that the likelihood of transmission of hantavirus to the broader public population remains at a low level.",CNBC,https://www.cnbc.com/2026/05/14/cdc-no-us-hantavirus-cases-people-monitored.html,2026-05-15 21:42:54
7,"Stephen I. Miran submits his resignation as a member of the Federal Reserve Board, effective when or shortly before his successor on the Board is sworn in - Federal Reserve (.gov)","Here is a rewritten version of the news text:

Stephen I. Miran Announces Intention to Step Down from Federal Reserve Board

Washington D.C., [Date] - Stephen I. Miran, a member of the Federal Reserve Board, has submitted his resignation, effective at the earliest opportunity following the swearing-in of his successor.","Stephen I. Miran submitted his resignation Thursday as a member of the Federal Reserve Board, effective when or shortly before his successor on the Board is sw","Here is a rewritten version of the news text in a professional tone:

Stephen I. Miran announced his intention to resign from the Federal Reserve Board, with his departure expected to occur at the earliest opportunity following the appointment of his successor.

I made the following changes to achieve a more professional tone:

* Changed ""submitted his resignation Thursday"" to ""announced his intention to resign"", which is a more formal and concise way to convey the same information.
* Removed the phrase ""as a member of the Federal Reserve Board"" as it is implied by the context.
* Changed ""effective when or shortly before his successor on the Board is sw"" to ""with his departure expected to occur at the earliest opportunity following the appointment of his successor"", which is a more formal and clear way to convey the timeline for Miran's resignation.",Federalreserve.gov,https://www.federalreserve.gov/newsevents/pressreleases/other20260514b.htm,2026-05-15 21:42:54
8,Giant new dinosaur identified from remains found in Thailand - BBC,"Here is a rewritten version of the news text:

**Scientists Discover Largest Known Dinosaur Species in Thai Fossil Find**

A significant breakthrough in paleontological research has been announced, with scientists identifying a massive new species of dinosaur from fossils unearthed in Thailand. The enormous creature, measuring over 33 feet (10 meters) in length and weighing an estimated 65 tons, is the largest known dinosaur species to date.

The discovery was made by a team of international researchers who analyzed remains found in the Mae Van Kamin coal mine in northern Thailand. The fossils, which date back to the Early Cretaceous period, around 100 million years ago, have been confirmed as belonging to a previously unknown species of sauropod dinosaur.

This extraordinary find sheds new light on the diversity and size range of dinosaurs that existed during this pivotal era in Earth's history. The newly identified species is expected to generate significant interest among scientists and the general public alike, providing valuable insights into the evolution and behavior of these prehistoric giants.

The research team's findings have been published in a peer-reviewed scientific journal, marking a major milestone in our understanding of the natural world.",The nagatitan is the largest dinosaur found in South-East Asia and weighs as much as nine elephants.,"Here is a rewritten version of the news text:

A significant discovery has been made in Southeast Asia, with the uncovering of the Nagatitan, the region's largest known dinosaur species. Weighing an astonishing equivalent to nine adult elephants, this massive prehistoric creature is a remarkable find that sheds new light on the diversity of life during the Mesozoic Era.

Note: I've maintained the original fact while rephrasing it in a more formal and professional tone, using technical terms like ""Mesozoic Era"" to add credibility.",BBC News,https://www.bbc.com/news/articles/cx21pk5g20ro,2026-05-15 21:42:54
1,Barbara Palvin and Dylan Sprouse are expecting their first child - NBC News,Barbara Palvin and Dylan Sprouse are expecting their first child - NBC News,"On Thursday, Dylan Sprouse and his wife, Barbara Palvin, announced their pregnancy while attending the 79th Annual Cannes Film Festival in Cannes, France","On Thursday, Dylan Sprouse and his wife, Barbara Palvin, announced their pregnancy while attending the 79th Annual Cannes Film Festival in Cannes, France",NBC News,https://www.nbcnews.com/pop-culture/pop-culture-news/barbara-palvin-dylan-sprouse-are-expecting-first-child-rcna345174,2026-05-15 21:46:14
2,"Live Updates: Seized ship taken toward Iran as Trump and China's Xi agree Strait of Hormuz ""must remain open"" - CBS News","Live Updates: Seized ship taken toward Iran as Trump and China's Xi agree Strait of Hormuz ""must remain open"" - CBS News",A ship was taken by unknown parties toward Iranian waters after an Indian-flagged vessel was attacked off Oman.,A ship was taken by unknown parties toward Iranian waters after an Indian-flagged vessel was attacked off Oman.,CBS News,https://www.cbsnews.com/live-updates/trump-xi-iran-war-strait-hormuz-lebanon-israel-peace-talks/,2026-05-15 21:46:14
3,Cerebras IPO: Pricing Is a Major Win for Chips; Stock Opens at $350 - Barron's,Cerebras IPO: Pricing Is a Major Win for Chips; Stock Opens at $350 - Barron's,"The Cerebras IPO comes at a dramatic time, with chip stocks surging and many at or near all-time highs. The stock will start trading under the ticker CBRS later today.","The Cerebras IPO comes at a dramatic time, with chip stocks surging and many at or near all-time highs. The stock will start trading under the ticker CBRS later today.",Barron's,https://www.barrons.com/articles/cerebras-ipo-stock-ticker-price-eab2b046,2026-05-15 21:46:14
4,"49ers schedule leaks: 6 more games, including 3 on primetime - Niners Nation","49ers schedule leaks: 6 more games, including 3 on primetime - Niners Nation","More leaks about the 49ers schedule, with most of the games coming later on in the season","More leaks about the 49ers schedule, with most of the games coming later on in the season",Niners Nation,https://www.ninersnation.com/san-francisco-49ers-schedule/159226/49ers-schedule-leaks-6-more-games-including-3-on-primetime,2026-05-15 21:46:14
5,Senator Tammy Baldwin takes issue with Packers Thanksgiving Eve game on Netflix - NBC Sports,Senator Tammy Baldwin takes issue with Packers Thanksgiving Eve game on Netflix - NBC Sports,"Last month, Senator Tammy Baldwin (D-WI) introduced legislation aimed at ensuring free, over-the-air access by citizens of a given state to all nationally-televised games involving the teams headquartered there.","Last month, Senator Tammy Baldwin (D-WI) introduced legislation aimed at ensuring free, over-the-air access by citizens of a given state to all nationally-televised games involving the teams headquartered there.",NBCSports.com,https://www.nbcsports.com/nfl/profootballtalk/rumor-mill/news/senator-tammy-baldwin-takes-issue-with-packers-thanksgiving-eve-game-on-netflix,2026-05-15 21:46:14
6,"CDC says there are no U.S. hantavirus cases currently, 41 people being monitored - CNBC","CDC says there are no U.S. hantavirus cases currently, 41 people being monitored - CNBC",The CDC said the risk to the general public from hantavirus remains low.,The CDC said the risk to the general public from hantavirus remains low.,CNBC,https://www.cnbc.com/2026/05/14/cdc-no-us-hantavirus-cases-people-monitored.html,2026-05-15 21:46:14
7,"Stephen I. Miran submits his resignation as a member of the Federal Reserve Board, effective when or shortly before his successor on the Board is sworn in - Federal Reserve (.gov)","Stephen I. Miran submits his resignation as a member of the Federal Reserve Board, effective when or shortly before his successor on the Board is sworn in - Federal Reserve (.gov)","Stephen I. Miran submitted his resignation Thursday as a member of the Federal Reserve Board, effective when or shortly before his successor on the Board is sw","Stephen I. Miran submitted his resignation Thursday as a member of the Federal Reserve Board, effective when or shortly before his successor on the Board is sw",Federalreserve.gov,https://www.federalreserve.gov/newsevents/pressreleases/other20260514b.htm,2026-05-15 21:46:14
8,Giant new dinosaur identified from remains found in Thailand - BBC,Giant new dinosaur identified from remains found in Thailand - BBC,The nagatitan is the largest dinosaur found in South-East Asia and weighs as much as nine elephants.,The nagatitan is the largest dinosaur found in South-East Asia and weighs as much as nine elephants.,BBC News,https://www.bbc.com/news/articles/cx21pk5g20ro,2026-05-15 21:46:14
1,Barbara Palvin and Dylan Sprouse are expecting their first child - NBC News,Barbara Palvin and Dylan Sprouse are expecting their first child - NBC News,"On Thursday, Dylan Sprouse and his wife, Barbara Palvin, announced their pregnancy while attending the 79th Annual Cannes Film Festival in Cannes, France","On Thursday, Dylan Sprouse and his wife, Barbara Palvin, announced their pregnancy while attending the 79th Annual Cannes Film Festival in Cannes, France",NBC News,https://www.nbcnews.com/pop-culture/pop-culture-news/barbara-palvin-dylan-sprouse-are-expecting-first-child-rcna345174,2026-05-15 21:46:16
2,"Live Updates: Seized ship taken toward Iran as Trump and China's Xi agree Strait of Hormuz ""must remain open"" - CBS News","Live Updates: Seized ship taken toward Iran as Trump and China's Xi agree Strait of Hormuz ""must remain open"" - CBS News",A ship was taken by unknown parties toward Iranian waters after an Indian-flagged vessel was attacked off Oman.,A ship was taken by unknown parties toward Iranian waters after an Indian-flagged vessel was attacked off Oman.,CBS News,https://www.cbsnews.com/live-updates/trump-xi-iran-war-strait-hormuz-lebanon-israel-peace-talks/,2026-05-15 21:46:16
3,Cerebras IPO: Pricing Is a Major Win for Chips; Stock Opens at $350 - Barron's,Cerebras IPO: Pricing Is a Major Win for Chips; Stock Opens at $350 - Barron's,"The Cerebras IPO comes at a dramatic time, with chip stocks surging and many at or near all-time highs. The stock will start trading under the ticker CBRS later today.","The Cerebras IPO comes at a dramatic time, with chip stocks surging and many at or near all-time highs. The stock will start trading under the ticker CBRS later today.",Barron's,https://www.barrons.com/articles/cerebras-ipo-stock-ticker-price-eab2b046,2026-05-15 21:46:16
4,"49ers schedule leaks: 6 more games, including 3 on primetime - Niners Nation","49ers schedule leaks: 6 more games, including 3 on primetime - Niners Nation","More leaks about the 49ers schedule, with most of the games coming later on in the season","More leaks about the 49ers schedule, with most of the games coming later on in the season",Niners Nation,https://www.ninersnation.com/san-francisco-49ers-schedule/159226/49ers-schedule-leaks-6-more-games-including-3-on-primetime,2026-05-15 21:46:16
5,Senator Tammy Baldwin takes issue with Packers Thanksgiving Eve game on Netflix - NBC Sports,Senator Tammy Baldwin takes issue with Packers Thanksgiving Eve game on Netflix - NBC Sports,"Last month, Senator Tammy Baldwin (D-WI) introduced legislation aimed at ensuring free, over-the-air access by citizens of a given state to all nationally-televised games involving the teams headquartered there.","Last month, Senator Tammy Baldwin (D-WI) introduced legislation aimed at ensuring free, over-the-air access by citizens of a given state to all nationally-televised games involving the teams headquartered there.",NBCSports.com,https://www.nbcsports.com/nfl/profootballtalk/rumor-mill/news/senator-tammy-baldwin-takes-issue-with-packers-thanksgiving-eve-game-on-netflix,2026-05-15 21:46:16
6,"CDC says there are no U.S. hantavirus cases currently, 41 people being monitored - CNBC","CDC says there are no U.S. hantavirus cases currently, 41 people being monitored - CNBC",The CDC said the risk to the general public from hantavirus remains low.,The CDC said the risk to the general public from hantavirus remains low.,CNBC,https://www.cnbc.com/2026/05/14/cdc-no-us-hantavirus-cases-people-monitored.html,2026-05-15 21:46:16
7,"Stephen I. Miran submits his resignation as a member of the Federal Reserve Board, effective when or shortly before his successor on the Board is sworn in - Federal Reserve (.gov)","Stephen I. Miran submits his resignation as a member of the Federal Reserve Board, effective when or shortly before his successor on the Board is sworn in - Federal Reserve (.gov)","Stephen I. Miran submitted his resignation Thursday as a member of the Federal Reserve Board, effective when or shortly before his successor on the Board is sw","Stephen I. Miran submitted his resignation Thursday as a member of the Federal Reserve Board, effective when or shortly before his successor on the Board is sw",Federalreserve.gov,https://www.federalreserve.gov/newsevents/pressreleases/other20260514b.htm,2026-05-15 21:46:16
8,Giant new dinosaur identified from remains found in Thailand - BBC,Giant new dinosaur identified from remains found in Thailand - BBC,The nagatitan is the largest dinosaur found in South-East Asia and weighs as much as nine elephants.,The nagatitan is the largest dinosaur found in South-East Asia and weighs as much as nine elephants.,BBC News,https://www.bbc.com/news/articles/cx21pk5g20ro,2026-05-15 21:46:16
1,Barbara Palvin and Dylan Sprouse are expecting their first child - NBC News,Barbara Palvin and Dylan Sprouse are expecting their first child - NBC News,"On Thursday, Dylan Sprouse and his wife, Barbara Palvin, announced their pregnancy while attending the 79th Annual Cannes Film Festival in Cannes, France","On Thursday, Dylan Sprouse and his wife, Barbara Palvin, announced their pregnancy while attending the 79th Annual Cannes Film Festival in Cannes, France",NBC News,https://www.nbcnews.com/pop-culture/pop-culture-news/barbara-palvin-dylan-sprouse-are-expecting-first-child-rcna345174,2026-05-15 21:46:19
2,"Live Updates: Seized ship taken toward Iran as Trump and China's Xi agree Strait of Hormuz ""must remain open"" - CBS News","Live Updates: Seized ship taken toward Iran as Trump and China's Xi agree Strait of Hormuz ""must remain open"" - CBS News",A ship was taken by unknown parties toward Iranian waters after an Indian-flagged vessel was attacked off Oman.,A ship was taken by unknown parties toward Iranian waters after an Indian-flagged vessel was attacked off Oman.,CBS News,https://www.cbsnews.com/live-updates/trump-xi-iran-war-strait-hormuz-lebanon-israel-peace-talks/,2026-05-15 21:46:19
3,Cerebras IPO: Pricing Is a Major Win for Chips; Stock Opens at $350 - Barron's,Cerebras IPO: Pricing Is a Major Win for Chips; Stock Opens at $350 - Barron's,"The Cerebras IPO comes at a dramatic time, with chip stocks surging and many at or near all-time highs. The stock will start trading under the ticker CBRS later today.","The Cerebras IPO comes at a dramatic time, with chip stocks surging and many at or near all-time highs. The stock will start trading under the ticker CBRS later today.",Barron's,https://www.barrons.com/articles/cerebras-ipo-stock-ticker-price-eab2b046,2026-05-15 21:46:19
4,"49ers schedule leaks: 6 more games, including 3 on primetime - Niners Nation","49ers schedule leaks: 6 more games, including 3 on primetime - Niners Nation","More leaks about the 49ers schedule, with most of the games coming later on in the season","More leaks about the 49ers schedule, with most of the games coming later on in the season",Niners Nation,https://www.ninersnation.com/san-francisco-49ers-schedule/159226/49ers-schedule-leaks-6-more-games-including-3-on-primetime,2026-05-15 21:46:19
5,Senator Tammy Baldwin takes issue with Packers Thanksgiving Eve game on Netflix - NBC Sports,Senator Tammy Baldwin takes issue with Packers Thanksgiving Eve game on Netflix - NBC Sports,"Last month, Senator Tammy Baldwin (D-WI) introduced legislation aimed at ensuring free, over-the-air access by citizens of a given state to all nationally-televised games involving the teams headquartered there.","Last month, Senator Tammy Baldwin (D-WI) introduced legislation aimed at ensuring free, over-the-air access by citizens of a given state to all nationally-televised games involving the teams headquartered there.",NBCSports.com,https://www.nbcsports.com/nfl/profootballtalk/rumor-mill/news/senator-tammy-baldwin-takes-issue-with-packers-thanksgiving-eve-game-on-netflix,2026-05-15 21:46:19
6,"CDC says there are no U.S. hantavirus cases currently, 41 people being monitored - CNBC","CDC says there are no U.S. hantavirus cases currently, 41 people being monitored - CNBC",The CDC said the risk to the general public from hantavirus remains low.,The CDC said the risk to the general public from hantavirus remains low.,CNBC,https://www.cnbc.com/2026/05/14/cdc-no-us-hantavirus-cases-people-monitored.html,2026-05-15 21:46:19
7,"Stephen I. Miran submits his resignation as a member of the Federal Reserve Board, effective when or shortly before his successor on the Board is sworn in - Federal Reserve (.gov)","Stephen I. Miran submits his resignation as a member of the Federal Reserve Board, effective when or shortly before his successor on the Board is sworn in - Federal Reserve (.gov)","Stephen I. Miran submitted his resignation Thursday as a member of the Federal Reserve Board, effective when or shortly before his successor on the Board is sw","Stephen I. Miran submitted his resignation Thursday as a member of the Federal Reserve Board, effective when or shortly before his successor on the Board is sw",Federalreserve.gov,https://www.federalreserve.gov/newsevents/pressreleases/other20260514b.htm,2026-05-15 21:46:19
8,Giant new dinosaur identified from remains found in Thailand - BBC,Giant new dinosaur identified from remains found in Thailand - BBC,The nagatitan is the largest dinosaur found in South-East Asia and weighs as much as nine elephants.,The nagatitan is the largest dinosaur found in South-East Asia and weighs as much as nine elephants.,BBC News,https://www.bbc.com/news/articles/cx21pk5g20ro,2026-05-15 21:46:19
1,Barbara Palvin and Dylan Sprouse are expecting their first child - NBC News,Barbara Palvin and Dylan Sprouse are expecting their first child - NBC News,"On Thursday, Dylan Sprouse and his wife, Barbara Palvin, announced their pregnancy while attending the 79th Annual Cannes Film Festival in Cannes, France","On Thursday, Dylan Sprouse and his wife, Barbara Palvin, announced their pregnancy while attending the 79th Annual Cannes Film Festival in Cannes, France",NBC News,https://www.nbcnews.com/pop-culture/pop-culture-news/barbara-palvin-dylan-sprouse-are-expecting-first-child-rcna345174,2026-05-15 21:51:17
2,"Live Updates: Seized ship taken toward Iran as Trump and China's Xi agree Strait of Hormuz ""must remain open"" - CBS News","Live Updates: Seized ship taken toward Iran as Trump and China's Xi agree Strait of Hormuz ""must remain open"" - CBS News",A ship was taken by unknown parties toward Iranian waters after an Indian-flagged vessel was attacked off Oman.,A ship was taken by unknown parties toward Iranian waters after an Indian-flagged vessel was attacked off Oman.,CBS News,https://www.cbsnews.com/live-updates/trump-xi-iran-war-strait-hormuz-lebanon-israel-peace-talks/,2026-05-15 21:51:17
3,Cerebras IPO: Pricing Is a Major Win for Chips; Stock Opens at $350 - Barron's,Cerebras IPO: Pricing Is a Major Win for Chips; Stock Opens at $350 - Barron's,"The Cerebras IPO comes at a dramatic time, with chip stocks surging and many at or near all-time highs. The stock will start trading under the ticker CBRS later today.","The Cerebras IPO comes at a dramatic time, with chip stocks surging and many at or near all-time highs. The stock will start trading under the ticker CBRS later today.",Barron's,https://www.barrons.com/articles/cerebras-ipo-stock-ticker-price-eab2b046,2026-05-15 21:51:17
4,"49ers schedule leaks: 6 more games, including 3 on primetime - Niners Nation","49ers schedule leaks: 6 more games, including 3 on primetime - Niners Nation","More leaks about the 49ers schedule, with most of the games coming later on in the season","More leaks about the 49ers schedule, with most of the games coming later on in the season",Niners Nation,https://www.ninersnation.com/san-francisco-49ers-schedule/159226/49ers-schedule-leaks-6-more-games-including-3-on-primetime,2026-05-15 21:51:17
5,Senator Tammy Baldwin takes issue with Packers Thanksgiving Eve game on Netflix - NBC Sports,Senator Tammy Baldwin takes issue with Packers Thanksgiving Eve game on Netflix - NBC Sports,"Last month, Senator Tammy Baldwin (D-WI) introduced legislation aimed at ensuring free, over-the-air access by citizens of a given state to all nationally-televised games involving the teams headquartered there.","Last month, Senator Tammy Baldwin (D-WI) introduced legislation aimed at ensuring free, over-the-air access by citizens of a given state to all nationally-televised games involving the teams headquartered there.",NBCSports.com,https://www.nbcsports.com/nfl/profootballtalk/rumor-mill/news/senator-tammy-baldwin-takes-issue-with-packers-thanksgiving-eve-game-on-netflix,2026-05-15 21:51:17
6,"CDC says there are no U.S. hantavirus cases currently, 41 people being monitored - CNBC","CDC says there are no U.S. hantavirus cases currently, 41 people being monitored - CNBC",The CDC said the risk to the general public from hantavirus remains low.,The CDC said the risk to the general public from hantavirus remains low.,CNBC,https://www.cnbc.com/2026/05/14/cdc-no-us-hantavirus-cases-people-monitored.html,2026-05-15 21:51:17
7,"Stephen I. Miran submits his resignation as a member of the Federal Reserve Board, effective when or shortly before his successor on the Board is sworn in - Federal Reserve (.gov)","Stephen I. Miran submits his resignation as a member of the Federal Reserve Board, effective when or shortly before his successor on the Board is sworn in - Federal Reserve (.gov)","Stephen I. Miran submitted his resignation Thursday as a member of the Federal Reserve Board, effective when or shortly before his successor on the Board is sw","Stephen I. Miran submitted his resignation Thursday as a member of the Federal Reserve Board, effective when or shortly before his successor on the Board is sw",Federalreserve.gov,https://www.federalreserve.gov/newsevents/pressreleases/other20260514b.htm,2026-05-15 21:51:17
8,Giant new dinosaur identified from remains found in Thailand - BBC,Giant new dinosaur identified from remains found in Thailand - BBC,The nagatitan is the largest dinosaur found in South-East Asia and weighs as much as nine elephants.,The nagatitan is the largest dinosaur found in South-East Asia and weighs as much as nine elephants.,BBC News,https://www.bbc.com/news/articles/cx21pk5g20ro,2026-05-15 21:51:17
1,Barbara Palvin and Dylan Sprouse are expecting their first child - NBC News,Barbara Palvin and Dylan Sprouse are expecting their first child - NBC News,"On Thursday, Dylan Sprouse and his wife, Barbara Palvin, announced their pregnancy while attending the 79th Annual Cannes Film Festival in Cannes, France","On Thursday, Dylan Sprouse and his wife, Barbara Palvin, announced their pregnancy while attending the 79th Annual Cannes Film Festival in Cannes, France",NBC News,https://www.nbcnews.com/pop-culture/pop-culture-news/barbara-palvin-dylan-sprouse-are-expecting-first-child-rcna345174,2026-05-15 21:56:47
2,"Live Updates: Seized ship taken toward Iran as Trump and China's Xi agree Strait of Hormuz ""must remain open"" - CBS News","Live Updates: Seized ship taken toward Iran as Trump and China's Xi agree Strait of Hormuz ""must remain open"" - CBS News",A ship was taken by unknown parties toward Iranian waters after an Indian-flagged vessel was attacked off Oman.,A ship was taken by unknown parties toward Iranian waters after an Indian-flagged vessel was attacked off Oman.,CBS News,https://www.cbsnews.com/live-updates/trump-xi-iran-war-strait-hormuz-lebanon-israel-peace-talks/,2026-05-15 21:56:47
3,Cerebras IPO: Pricing Is a Major Win for Chips; Stock Opens at $350 - Barron's,Cerebras IPO: Pricing Is a Major Win for Chips; Stock Opens at $350 - Barron's,"The Cerebras IPO comes at a dramatic time, with chip stocks surging and many at or near all-time highs. The stock will start trading under the ticker CBRS later today.","The Cerebras IPO comes at a dramatic time, with chip stocks surging and many at or near all-time highs. The stock will start trading under the ticker CBRS later today.",Barron's,https://www.barrons.com/articles/cerebras-ipo-stock-ticker-price-eab2b046,2026-05-15 21:56:47
4,"49ers schedule leaks: 6 more games, including 3 on primetime - Niners Nation","49ers schedule leaks: 6 more games, including 3 on primetime - Niners Nation","More leaks about the 49ers schedule, with most of the games coming later on in the season","More leaks about the 49ers schedule, with most of the games coming later on in the season",Niners Nation,https://www.ninersnation.com/san-francisco-49ers-schedule/159226/49ers-schedule-leaks-6-more-games-including-3-on-primetime,2026-05-15 21:56:47
5,Senator Tammy Baldwin takes issue with Packers Thanksgiving Eve game on Netflix - NBC Sports,Senator Tammy Baldwin takes issue with Packers Thanksgiving Eve game on Netflix - NBC Sports,"Last month, Senator Tammy Baldwin (D-WI) introduced legislation aimed at ensuring free, over-the-air access by citizens of a given state to all nationally-televised games involving the teams headquartered there.","Last month, Senator Tammy Baldwin (D-WI) introduced legislation aimed at ensuring free, over-the-air access by citizens of a given state to all nationally-televised games involving the teams headquartered there.",NBCSports.com,https://www.nbcsports.com/nfl/profootballtalk/rumor-mill/news/senator-tammy-baldwin-takes-issue-with-packers-thanksgiving-eve-game-on-netflix,2026-05-15 21:56:47
6,"CDC says there are no U.S. hantavirus cases currently, 41 people being monitored - CNBC","CDC says there are no U.S. hantavirus cases currently, 41 people being monitored - CNBC",The CDC said the risk to the general public from hantavirus remains low.,The CDC said the risk to the general public from hantavirus remains low.,CNBC,https://www.cnbc.com/2026/05/14/cdc-no-us-hantavirus-cases-people-monitored.html,2026-05-15 21:56:47
7,"Stephen I. Miran submits his resignation as a member of the Federal Reserve Board, effective when or shortly before his successor on the Board is sworn in - Federal Reserve (.gov)","Stephen I. Miran submits his resignation as a member of the Federal Reserve Board, effective when or shortly before his successor on the Board is sworn in - Federal Reserve (.gov)","Stephen I. Miran submitted his resignation Thursday as a member of the Federal Reserve Board, effective when or shortly before his successor on the Board is sw","Stephen I. Miran submitted his resignation Thursday as a member of the Federal Reserve Board, effective when or shortly before his successor on the Board is sw",Federalreserve.gov,https://www.federalreserve.gov/newsevents/pressreleases/other20260514b.htm,2026-05-15 21:56:47
8,Giant new dinosaur identified from remains found in Thailand - BBC,Giant new dinosaur identified from remains found in Thailand - BBC,The nagatitan is the largest dinosaur found in South-East Asia and weighs as much as nine elephants.,The nagatitan is the largest dinosaur found in South-East Asia and weighs as much as nine elephants.,BBC News,https://www.bbc.com/news/articles/cx21pk5g20ro,2026-05-15 21:56:47
1,Barbara Palvin and Dylan Sprouse are expecting their first child - NBC News,Barbara Palvin and Dylan Sprouse are expecting their first child - NBC News,"On Thursday, Dylan Sprouse and his wife, Barbara Palvin, announced their pregnancy while attending the 79th Annual Cannes Film Festival in Cannes, France","On Thursday, Dylan Sprouse and his wife, Barbara Palvin, announced their pregnancy while attending the 79th Annual Cannes Film Festival in Cannes, France",NBC News,https://www.nbcnews.com/pop-culture/pop-culture-news/barbara-palvin-dylan-sprouse-are-expecting-first-child-rcna345174,2026-05-15 22:01:48
2,"Live Updates: Seized ship taken toward Iran as Trump and China's Xi agree Strait of Hormuz ""must remain open"" - CBS News","Live Updates: Seized ship taken toward Iran as Trump and China's Xi agree Strait of Hormuz ""must remain open"" - CBS News",A ship was taken by unknown parties toward Iranian waters after an Indian-flagged vessel was attacked off Oman.,A ship was taken by unknown parties toward Iranian waters after an Indian-flagged vessel was attacked off Oman.,CBS News,https://www.cbsnews.com/live-updates/trump-xi-iran-war-strait-hormuz-lebanon-israel-peace-talks/,2026-05-15 22:01:48
3,Cerebras IPO: Pricing Is a Major Win for Chips; Stock Opens at $350 - Barron's,Cerebras IPO: Pricing Is a Major Win for Chips; Stock Opens at $350 - Barron's,"The Cerebras IPO comes at a dramatic time, with chip stocks surging and many at or near all-time highs. The stock will start trading under the ticker CBRS later today.","The Cerebras IPO comes at a dramatic time, with chip stocks surging and many at or near all-time highs. The stock will start trading under the ticker CBRS later today.",Barron's,https://www.barrons.com/articles/cerebras-ipo-stock-ticker-price-eab2b046,2026-05-15 22:01:48
4,"49ers schedule leaks: 6 more games, including 3 on primetime - Niners Nation","49ers schedule leaks: 6 more games, including 3 on primetime - Niners Nation","More leaks about the 49ers schedule, with most of the games coming later on in the season","More leaks about the 49ers schedule, with most of the games coming later on in the season",Niners Nation,https://www.ninersnation.com/san-francisco-49ers-schedule/159226/49ers-schedule-leaks-6-more-games-including-3-on-primetime,2026-05-15 22:01:48
5,Senator Tammy Baldwin takes issue with Packers Thanksgiving Eve game on Netflix - NBC Sports,Senator Tammy Baldwin takes issue with Packers Thanksgiving Eve game on Netflix - NBC Sports,"Last month, Senator Tammy Baldwin (D-WI) introduced legislation aimed at ensuring free, over-the-air access by citizens of a given state to all nationally-televised games involving the teams headquartered there.","Last month, Senator Tammy Baldwin (D-WI) introduced legislation aimed at ensuring free, over-the-air access by citizens of a given state to all nationally-televised games involving the teams headquartered there.",NBCSports.com,https://www.nbcsports.com/nfl/profootballtalk/rumor-mill/news/senator-tammy-baldwin-takes-issue-with-packers-thanksgiving-eve-game-on-netflix,2026-05-15 22:01:48
6,"CDC says there are no U.S. hantavirus cases currently, 41 people being monitored - CNBC","CDC says there are no U.S. hantavirus cases currently, 41 people being monitored - CNBC",The CDC said the risk to the general public from hantavirus remains low.,The CDC said the risk to the general public from hantavirus remains low.,CNBC,https://www.cnbc.com/2026/05/14/cdc-no-us-hantavirus-cases-people-monitored.html,2026-05-15 22:01:48
7,"Stephen I. Miran submits his resignation as a member of the Federal Reserve Board, effective when or shortly before his successor on the Board is sworn in - Federal Reserve (.gov)","Stephen I. Miran submits his resignation as a member of the Federal Reserve Board, effective when or shortly before his successor on the Board is sworn in - Federal Reserve (.gov)","Stephen I. Miran submitted his resignation Thursday as a member of the Federal Reserve Board, effective when or shortly before his successor on the Board is sw","Stephen I. Miran submitted his resignation Thursday as a member of the Federal Reserve Board, effective when or shortly before his successor on the Board is sw",Federalreserve.gov,https://www.federalreserve.gov/newsevents/pressreleases/other20260514b.htm,2026-05-15 22:01:48
8,Giant new dinosaur identified from remains found in Thailand - BBC,Giant new dinosaur identified from remains found in Thailand - BBC,The nagatitan is the largest dinosaur found in South-East Asia and weighs as much as nine elephants.,The nagatitan is the largest dinosaur found in South-East Asia and weighs as much as nine elephants.,BBC News,https://www.bbc.com/news/articles/cx21pk5g20ro,2026-05-15 22:01:48
1,Barbara Palvin and Dylan Sprouse are expecting their first child - NBC News,Barbara Palvin and Dylan Sprouse are expecting their first child - NBC News,"On Thursday, Dylan Sprouse and his wife, Barbara Palvin, announced their pregnancy while attending the 79th Annual Cannes Film Festival in Cannes, France","On Thursday, Dylan Sprouse and his wife, Barbara Palvin, announced their pregnancy while attending the 79th Annual Cannes Film Festival in Cannes, France",NBC News,https://www.nbcnews.com/pop-culture/pop-culture-news/barbara-palvin-dylan-sprouse-are-expecting-first-child-rcna345174,2026-05-15 22:05:41
2,"Live Updates: Seized ship taken toward Iran as Trump and China's Xi agree Strait of Hormuz ""must remain open"" - CBS News","Live Updates: Seized ship taken toward Iran as Trump and China's Xi agree Strait of Hormuz ""must remain open"" - CBS News",A ship was taken by unknown parties toward Iranian waters after an Indian-flagged vessel was attacked off Oman.,A ship was taken by unknown parties toward Iranian waters after an Indian-flagged vessel was attacked off Oman.,CBS News,https://www.cbsnews.com/live-updates/trump-xi-iran-war-strait-hormuz-lebanon-israel-peace-talks/,2026-05-15 22:05:41
3,Cerebras IPO: Pricing Is a Major Win for Chips; Stock Opens at $350 - Barron's,Cerebras IPO: Pricing Is a Major Win for Chips; Stock Opens at $350 - Barron's,"The Cerebras IPO comes at a dramatic time, with chip stocks surging and many at or near all-time highs. The stock will start trading under the ticker CBRS later today.","The Cerebras IPO comes at a dramatic time, with chip stocks surging and many at or near all-time highs. The stock will start trading under the ticker CBRS later today.",Barron's,https://www.barrons.com/articles/cerebras-ipo-stock-ticker-price-eab2b046,2026-05-15 22:05:41
4,"49ers schedule leaks: 6 more games, including 3 on primetime - Niners Nation","49ers schedule leaks: 6 more games, including 3 on primetime - Niners Nation","More leaks about the 49ers schedule, with most of the games coming later on in the season","More leaks about the 49ers schedule, with most of the games coming later on in the season",Niners Nation,https://www.ninersnation.com/san-francisco-49ers-schedule/159226/49ers-schedule-leaks-6-more-games-including-3-on-primetime,2026-05-15 22:05:41
5,Senator Tammy Baldwin takes issue with Packers Thanksgiving Eve game on Netflix - NBC Sports,Senator Tammy Baldwin takes issue with Packers Thanksgiving Eve game on Netflix - NBC Sports,"Last month, Senator Tammy Baldwin (D-WI) introduced legislation aimed at ensuring free, over-the-air access by citizens of a given state to all nationally-televised games involving the teams headquartered there.","Last month, Senator Tammy Baldwin (D-WI) introduced legislation aimed at ensuring free, over-the-air access by citizens of a given state to all nationally-televised games involving the teams headquartered there.",NBCSports.com,https://www.nbcsports.com/nfl/profootballtalk/rumor-mill/news/senator-tammy-baldwin-takes-issue-with-packers-thanksgiving-eve-game-on-netflix,2026-05-15 22:05:41
6,"CDC says there are no U.S. hantavirus cases currently, 41 people being monitored - CNBC","CDC says there are no U.S. hantavirus cases currently, 41 people being monitored - CNBC",The CDC said the risk to the general public from hantavirus remains low.,The CDC said the risk to the general public from hantavirus remains low.,CNBC,https://www.cnbc.com/2026/05/14/cdc-no-us-hantavirus-cases-people-monitored.html,2026-05-15 22:05:41
7,"Stephen I. Miran submits his resignation as a member of the Federal Reserve Board, effective when or shortly before his successor on the Board is sworn in - Federal Reserve (.gov)","Stephen I. Miran submits his resignation as a member of the Federal Reserve Board, effective when or shortly before his successor on the Board is sworn in - Federal Reserve (.gov)","Stephen I. Miran submitted his resignation Thursday as a member of the Federal Reserve Board, effective when or shortly before his successor on the Board is sw","Stephen I. Miran submitted his resignation Thursday as a member of the Federal Reserve Board, effective when or shortly before his successor on the Board is sw",Federalreserve.gov,https://www.federalreserve.gov/newsevents/pressreleases/other20260514b.htm,2026-05-15 22:05:41
8,Giant new dinosaur identified from remains found in Thailand - BBC,Giant new dinosaur identified from remains found in Thailand - BBC,The nagatitan is the largest dinosaur found in South-East Asia and weighs as much as nine elephants.,The nagatitan is the largest dinosaur found in South-East Asia and weighs as much as nine elephants.,BBC News,https://www.bbc.com/news/articles/cx21pk5g20ro,2026-05-15 22:05:41
1,Barbara Palvin and Dylan Sprouse are expecting their first child - NBC News,Barbara Palvin and Dylan Sprouse are expecting their first child - NBC News,"On Thursday, Dylan Sprouse and his wife, Barbara Palvin, announced their pregnancy while attending the 79th Annual Cannes Film Festival in Cannes, France","On Thursday, Dylan Sprouse and his wife, Barbara Palvin, announced their pregnancy while attending the 79th Annual Cannes Film Festival in Cannes, France",NBC News,https://www.nbcnews.com/pop-culture/pop-culture-news/barbara-palvin-dylan-sprouse-are-expecting-first-child-rcna345174,2026-05-15 22:05:42
2,"Live Updates: Seized ship taken toward Iran as Trump and China's Xi agree Strait of Hormuz ""must remain open"" - CBS News","Live Updates: Seized ship taken toward Iran as Trump and China's Xi agree Strait of Hormuz ""must remain open"" - CBS News",A ship was taken by unknown parties toward Iranian waters after an Indian-flagged vessel was attacked off Oman.,A ship was taken by unknown parties toward Iranian waters after an Indian-flagged vessel was attacked off Oman.,CBS News,https://www.cbsnews.com/live-updates/trump-xi-iran-war-strait-hormuz-lebanon-israel-peace-talks/,2026-05-15 22:05:42
3,Cerebras IPO: Pricing Is a Major Win for Chips; Stock Opens at $350 - Barron's,Cerebras IPO: Pricing Is a Major Win for Chips; Stock Opens at $350 - Barron's,"The Cerebras IPO comes at a dramatic time, with chip stocks surging and many at or near all-time highs. The stock will start trading under the ticker CBRS later today.","The Cerebras IPO comes at a dramatic time, with chip stocks surging and many at or near all-time highs. The stock will start trading under the ticker CBRS later today.",Barron's,https://www.barrons.com/articles/cerebras-ipo-stock-ticker-price-eab2b046,2026-05-15 22:05:42
4,"49ers schedule leaks: 6 more games, including 3 on primetime - Niners Nation","49ers schedule leaks: 6 more games, including 3 on primetime - Niners Nation","More leaks about the 49ers schedule, with most of the games coming later on in the season","More leaks about the 49ers schedule, with most of the games coming later on in the season",Niners Nation,https://www.ninersnation.com/san-francisco-49ers-schedule/159226/49ers-schedule-leaks-6-more-games-including-3-on-primetime,2026-05-15 22:05:42
5,Senator Tammy Baldwin takes issue with Packers Thanksgiving Eve game on Netflix - NBC Sports,Senator Tammy Baldwin takes issue with Packers Thanksgiving Eve game on Netflix - NBC Sports,"Last month, Senator Tammy Baldwin (D-WI) introduced legislation aimed at ensuring free, over-the-air access by citizens of a given state to all nationally-televised games involving the teams headquartered there.","Last month, Senator Tammy Baldwin (D-WI) introduced legislation aimed at ensuring free, over-the-air access by citizens of a given state to all nationally-televised games involving the teams headquartered there.",NBCSports.com,https://www.nbcsports.com/nfl/profootballtalk/rumor-mill/news/senator-tammy-baldwin-takes-issue-with-packers-thanksgiving-eve-game-on-netflix,2026-05-15 22:05:42
6,"CDC says there are no U.S. hantavirus cases currently, 41 people being monitored - CNBC","CDC says there are no U.S. hantavirus cases currently, 41 people being monitored - CNBC",The CDC said the risk to the general public from hantavirus remains low.,The CDC said the risk to the general public from hantavirus remains low.,CNBC,https://www.cnbc.com/2026/05/14/cdc-no-us-hantavirus-cases-people-monitored.html,2026-05-15 22:05:42
7,"Stephen I. Miran submits his resignation as a member of the Federal Reserve Board, effective when or shortly before his successor on the Board is sworn in - Federal Reserve (.gov)","Stephen I. Miran submits his resignation as a member of the Federal Reserve Board, effective when or shortly before his successor on the Board is sworn in - Federal Reserve (.gov)","Stephen I. Miran submitted his resignation Thursday as a member of the Federal Reserve Board, effective when or shortly before his successor on the Board is sw","Stephen I. Miran submitted his resignation Thursday as a member of the Federal Reserve Board, effective when or shortly before his successor on the Board is sw",Federalreserve.gov,https://www.federalreserve.gov/newsevents/pressreleases/other20260514b.htm,2026-05-15 22:05:42
8,Giant new dinosaur identified from remains found in Thailand - BBC,Giant new dinosaur identified from remains found in Thailand - BBC,The nagatitan is the largest dinosaur found in South-East Asia and weighs as much as nine elephants.,The nagatitan is the largest dinosaur found in South-East Asia and weighs as much as nine elephants.,BBC News,https://www.bbc.com/news/articles/cx21pk5g20ro,2026-05-15 22:05:42
1,Barbara Palvin and Dylan Sprouse are expecting their first child - NBC News,Barbara Palvin and Dylan Sprouse are expecting their first child - NBC News,"On Thursday, Dylan Sprouse and his wife, Barbara Palvin, announced their pregnancy while attending the 79th Annual Cannes Film Festival in Cannes, France","On Thursday, Dylan Sprouse and his wife, Barbara Palvin, announced their pregnancy while attending the 79th Annual Cannes Film Festival in Cannes, France",NBC News,https://www.nbcnews.com/pop-culture/pop-culture-news/barbara-palvin-dylan-sprouse-are-expecting-first-child-rcna345174,2026-05-15 22:05:48
2,"Live Updates: Seized ship taken toward Iran as Trump and China's Xi agree Strait of Hormuz ""must remain open"" - CBS News","Live Updates: Seized ship taken toward Iran as Trump and China's Xi agree Strait of Hormuz ""must remain open"" - CBS News",A ship was taken by unknown parties toward Iranian waters after an Indian-flagged vessel was attacked off Oman.,A ship was taken by unknown parties toward Iranian waters after an Indian-flagged vessel was attacked off Oman.,CBS News,https://www.cbsnews.com/live-updates/trump-xi-iran-war-strait-hormuz-lebanon-israel-peace-talks/,2026-05-15 22:05:48
3,Cerebras IPO: Pricing Is a Major Win for Chips; Stock Opens at $350 - Barron's,Cerebras IPO: Pricing Is a Major Win for Chips; Stock Opens at $350 - Barron's,"The Cerebras IPO comes at a dramatic time, with chip stocks surging and many at or near all-time highs. The stock will start trading under the ticker CBRS later today.","The Cerebras IPO comes at a dramatic time, with chip stocks surging and many at or near all-time highs. The stock will start trading under the ticker CBRS later today.",Barron's,https://www.barrons.com/articles/cerebras-ipo-stock-ticker-price-eab2b046,2026-05-15 22:05:48
4,"49ers schedule leaks: 6 more games, including 3 on primetime - Niners Nation","49ers schedule leaks: 6 more games, including 3 on primetime - Niners Nation","More leaks about the 49ers schedule, with most of the games coming later on in the season","More leaks about the 49ers schedule, with most of the games coming later on in the season",Niners Nation,https://www.ninersnation.com/san-francisco-49ers-schedule/159226/49ers-schedule-leaks-6-more-games-including-3-on-primetime,2026-05-15 22:05:48
5,Senator Tammy Baldwin takes issue with Packers Thanksgiving Eve game on Netflix - NBC Sports,Senator Tammy Baldwin takes issue with Packers Thanksgiving Eve game on Netflix - NBC Sports,"Last month, Senator Tammy Baldwin (D-WI) introduced legislation aimed at ensuring free, over-the-air access by citizens of a given state to all nationally-televised games involving the teams headquartered there.","Last month, Senator Tammy Baldwin (D-WI) introduced legislation aimed at ensuring free, over-the-air access by citizens of a given state to all nationally-televised games involving the teams headquartered there.",NBCSports.com,https://www.nbcsports.com/nfl/profootballtalk/rumor-mill/news/senator-tammy-baldwin-takes-issue-with-packers-thanksgiving-eve-game-on-netflix,2026-05-15 22:05:48
6,"CDC says there are no U.S. hantavirus cases currently, 41 people being monitored - CNBC","CDC says there are no U.S. hantavirus cases currently, 41 people being monitored - CNBC",The CDC said the risk to the general public from hantavirus remains low.,The CDC said the risk to the general public from hantavirus remains low.,CNBC,https://www.cnbc.com/2026/05/14/cdc-no-us-hantavirus-cases-people-monitored.html,2026-05-15 22:05:48
7,"Stephen I. Miran submits his resignation as a member of the Federal Reserve Board, effective when or shortly before his successor on the Board is sworn in - Federal Reserve (.gov)","Stephen I. Miran submits his resignation as a member of the Federal Reserve Board, effective when or shortly before his successor on the Board is sworn in - Federal Reserve (.gov)","Stephen I. Miran submitted his resignation Thursday as a member of the Federal Reserve Board, effective when or shortly before his successor on the Board is sw","Stephen I. Miran submitted his resignation Thursday as a member of the Federal Reserve Board, effective when or shortly before his successor on the Board is sw",Federalreserve.gov,https://www.federalreserve.gov/newsevents/pressreleases/other20260514b.htm,2026-05-15 22:05:48
8,Giant new dinosaur identified from remains found in Thailand - BBC,Giant new dinosaur identified from remains found in Thailand - BBC,The nagatitan is the largest dinosaur found in South-East Asia and weighs as much as nine elephants.,The nagatitan is the largest dinosaur found in South-East Asia and weighs as much as nine elephants.,BBC News,https://www.bbc.com/news/articles/cx21pk5g20ro,2026-05-15 22:05:48
1,Barbara Palvin and Dylan Sprouse are expecting their first child - NBC News,Barbara Palvin and Dylan Sprouse are expecting their first child - NBC News,"On Thursday, Dylan Sprouse and his wife, Barbara Palvin, announced their pregnancy while attending the 79th Annual Cannes Film Festival in Cannes, France","On Thursday, Dylan Sprouse and his wife, Barbara Palvin, announced their pregnancy while attending the 79th Annual Cannes Film Festival in Cannes, France",NBC News,https://www.nbcnews.com/pop-culture/pop-culture-news/barbara-palvin-dylan-sprouse-are-expecting-first-child-rcna345174,2026-05-15 22:06:19
2,"Live Updates: Seized ship taken toward Iran as Trump and China's Xi agree Strait of Hormuz ""must remain open"" - CBS News","Live Updates: Seized ship taken toward Iran as Trump and China's Xi agree Strait of Hormuz ""must remain open"" - CBS News",A ship was taken by unknown parties toward Iranian waters after an Indian-flagged vessel was attacked off Oman.,A ship was taken by unknown parties toward Iranian waters after an Indian-flagged vessel was attacked off Oman.,CBS News,https://www.cbsnews.com/live-updates/trump-xi-iran-war-strait-hormuz-lebanon-israel-peace-talks/,2026-05-15 22:06:19
3,Cerebras IPO: Pricing Is a Major Win for Chips; Stock Opens at $350 - Barron's,Cerebras IPO: Pricing Is a Major Win for Chips; Stock Opens at $350 - Barron's,"The Cerebras IPO comes at a dramatic time, with chip stocks surging and many at or near all-time highs. The stock will start trading under the ticker CBRS later today.","The Cerebras IPO comes at a dramatic time, with chip stocks surging and many at or near all-time highs. The stock will start trading under the ticker CBRS later today.",Barron's,https://www.barrons.com/articles/cerebras-ipo-stock-ticker-price-eab2b046,2026-05-15 22:06:19
4,"49ers schedule leaks: 6 more games, including 3 on primetime - Niners Nation","49ers schedule leaks: 6 more games, including 3 on primetime - Niners Nation","More leaks about the 49ers schedule, with most of the games coming later on in the season","More leaks about the 49ers schedule, with most of the games coming later on in the season",Niners Nation,https://www.ninersnation.com/san-francisco-49ers-schedule/159226/49ers-schedule-leaks-6-more-games-including-3-on-primetime,2026-05-15 22:06:19
5,Senator Tammy Baldwin takes issue with Packers Thanksgiving Eve game on Netflix - NBC Sports,Senator Tammy Baldwin takes issue with Packers Thanksgiving Eve game on Netflix - NBC Sports,"Last month, Senator Tammy Baldwin (D-WI) introduced legislation aimed at ensuring free, over-the-air access by citizens of a given state to all nationally-televised games involving the teams headquartered there.","Last month, Senator Tammy Baldwin (D-WI) introduced legislation aimed at ensuring free, over-the-air access by citizens of a given state to all nationally-televised games involving the teams headquartered there.",NBCSports.com,https://www.nbcsports.com/nfl/profootballtalk/rumor-mill/news/senator-tammy-baldwin-takes-issue-with-packers-thanksgiving-eve-game-on-netflix,2026-05-15 22:06:19
6,"CDC says there are no U.S. hantavirus cases currently, 41 people being monitored - CNBC","CDC says there are no U.S. hantavirus cases currently, 41 people being monitored - CNBC",The CDC said the risk to the general public from hantavirus remains low.,The CDC said the risk to the general public from hantavirus remains low.,CNBC,https://www.cnbc.com/2026/05/14/cdc-no-us-hantavirus-cases-people-monitored.html,2026-05-15 22:06:19
7,"Stephen I. Miran submits his resignation as a member of the Federal Reserve Board, effective when or shortly before his successor on the Board is sworn in - Federal Reserve (.gov)","Stephen I. Miran submits his resignation as a member of the Federal Reserve Board, effective when or shortly before his successor on the Board is sworn in - Federal Reserve (.gov)","Stephen I. Miran submitted his resignation Thursday as a member of the Federal Reserve Board, effective when or shortly before his successor on the Board is sw","Stephen I. Miran submitted his resignation Thursday as a member of the Federal Reserve Board, effective when or shortly before his successor on the Board is sw",Federalreserve.gov,https://www.federalreserve.gov/newsevents/pressreleases/other20260514b.htm,2026-05-15 22:06:19
8,Giant new dinosaur identified from remains found in Thailand - BBC,Giant new dinosaur identified from remains found in Thailand - BBC,The nagatitan is the largest dinosaur found in South-East Asia and weighs as much as nine elephants.,The nagatitan is the largest dinosaur found in South-East Asia and weighs as much as nine elephants.,BBC News,https://www.bbc.com/news/articles/cx21pk5g20ro,2026-05-15 22:06:19
1,Barbara Palvin and Dylan Sprouse are expecting their first child - NBC News,"Renowned Model and Actor Couple, Barbara Palvin and Dylan Sprouse, Announce the Arrival of Their First Child.

Barbara Palvin, a Hungarian model and Victoria's Secret Angel, and Dylan Sprouse, an American actor best known for his roles in Disney Channel's ""The Suite Life of Zack and Cody"" and ""The Perks of Being a Wallflower"", have shared the joyous news that they are expecting their first child.

This is the couple's first pregnancy together. The pair has been dating since 2018 and have been busy with their respective careers while also enjoying each other's company.

As a model, Palvin has appeared on the covers of numerous fashion publications and has walked the runway for top designers during New York Fashion Week and Milan Fashion Week. Sprouse, on the other hand, has pursued an acting career in both television and film.

The couple has not yet revealed any details about their pregnancy, including the expected due date or the sex of their child. Fans and followers are eagerly awaiting further updates from the happy couple as they prepare for this exciting new chapter in their lives.

This news marks a significant milestone for Barbara Palvin and Dylan Sprouse, and fans around the world are sending their congratulations to the expecting parents.","On Thursday, Dylan Sprouse and his wife, Barbara Palvin, announced their pregnancy while attending the 79th Annual Cannes Film Festival in Cannes, France","Here is a rewritten version of the news text in a professional tone:

""Celebrity Couple Confirms Pregnancy at Cannes Film Festival

Actor Dylan Sprouse and his model spouse, Barbara Palvin, made a special announcement at the 79th Annual Cannes Film Festival in Cannes, France on Thursday. The couple, who tied the knot in 2018, revealed that they are expecting their first child together while attending the prestigious film event.",NBC News,https://www.nbcnews.com/pop-culture/pop-culture-news/barbara-palvin-dylan-sprouse-are-expecting-first-child-rcna345174,2026-05-15 22:06:49
2,"Live Updates: Seized ship taken toward Iran as Trump and China's Xi agree Strait of Hormuz ""must remain open"" - CBS News","Here is a rewritten version of the news text in a professional tone:

**Breaking Developments:** United States and China Reach Consensus on Strait of Hormuz, Amid Ongoing Tensions

Washington D.C. - In a significant development, US President Donald Trump and Chinese leader Xi Jinping have agreed that the Strait of Hormuz must remain open to international shipping, amidst ongoing tensions surrounding the seized Iranian tanker.

According to reports, the seized ship has been taken in the direction of Iran, sparking concerns about the potential consequences for global trade. The Strait of Hormuz, a vital waterway connecting the Persian Gulf to the Arabian Sea, is a crucial route for oil exports and global commerce.

In a joint statement issued following their meeting, Trump and Xi reaffirmed their commitment to maintaining the freedom of navigation in the Strait of Hormuz, a position that has been echoed by other nations concerned about the potential consequences of restrictions on maritime trade.

The seizure of the Iranian tanker has heightened tensions between Iran and the international community, with many nations calling for the safe release of the vessel and its crew. The development is seen as a key test of global commitment to maintaining free and open shipping lanes in the face of emerging conflicts.

Further updates will be provided as more information becomes available.",A ship was taken by unknown parties toward Iranian waters after an Indian-flagged vessel was attacked off Oman.,"Here is a rewritten version of the news text in a professional tone:

A mysterious incident has unfolded in the Gulf region, as reports emerged that an unidentified ship had been hijacked and directed towards Iranian territorial waters following an assault on an Indian-flagged vessel operating in Omani waters.

The exact circumstances surrounding the attack and subsequent hijacking remain unclear at this time.",CBS News,https://www.cbsnews.com/live-updates/trump-xi-iran-war-strait-hormuz-lebanon-israel-peace-talks/,2026-05-15 22:06:49
3,Cerebras IPO: Pricing Is a Major Win for Chips; Stock Opens at $350 - Barron's,"Here is a rewritten version of the news text in a professional tone:

Cerebras Makes Strong Debut on Public Markets

Artificial intelligence chipmaker Cerebras made a successful entrance into the public markets, with its initial public offering (IPO) priced at a major win for chips. The company's stock opened at $350 per share, exceeding expectations and signaling strong demand from investors.

The IPO pricing marks a significant milestone for Cerebras, which is poised to capitalize on the growing trend of artificial intelligence adoption across various industries. With this successful debut, the company is well-positioned to continue driving innovation and growth in the AI chip market.

Please note that I made minor changes to sentence structure and wording to improve clarity and readability while maintaining the original meaning and content of the text.","The Cerebras IPO comes at a dramatic time, with chip stocks surging and many at or near all-time highs. The stock will start trading under the ticker CBRS later today.","Here is a rewritten version of the news text:

Cerebras Makes Debut Amid Sizzling Chip Market Trend

As the global semiconductor industry continues to experience unprecedented growth, Cerebras' initial public offering (IPO) is set to launch today, with its stock expected to begin trading under the ticker symbol CBRS. This timely listing coincides with a period of exceptional market performance for chip stocks, many of which are currently hovering near or at all-time highs.",Barron's,https://www.barrons.com/articles/cerebras-ipo-stock-ticker-price-eab2b046,2026-05-15 22:06:49
4,"49ers schedule leaks: 6 more games, including 3 on primetime - Niners Nation","**49ers Schedule Leaks Revealed: Six More Games, Including Three Primetime Matchups**

In a surprising move, the San Francisco 49ers' schedule for the upcoming season has leaked, providing fans with an early look at the team's upcoming opponents and dates. According to reports, the Niners will play six additional games, including three primetime matchups.

The leaked schedule reveals that the 49ers will face off against several familiar foes, as well as some new challengers in the NFC West division. With the increased exposure, fans can expect heightened anticipation for these crucial matches, which may have a significant impact on the team's postseason aspirations.

While the full schedule is yet to be officially confirmed by the NFL, this early glimpse into the 49ers' upcoming slate provides an exciting look ahead at the challenges and opportunities that lie ahead. As the season approaches, fans will no doubt be eagerly awaiting the official release of the schedule, which is expected to bring even more excitement and anticipation for the Niners' campaign.

**For more information on the leaked schedule and the 49ers' upcoming games, stay tuned to [insert source].**","More leaks about the 49ers schedule, with most of the games coming later on in the season","Here is a rewritten version of the news text:

**Additional Scheduling Information Revealed for San Francisco 49ers**

As the National Football League (NFL) continues to release its schedules for the upcoming season, additional details have emerged about the San Francisco 49ers' slate. According to sources close to the team, the majority of the 49ers' games will take place later in the season.

While the exact dates and opponents are not yet confirmed, insiders indicate that a significant proportion of the team's fixtures will be scheduled for the second half of the regular season, potentially creating opportunities for key matchups and turning points in their quest for success.",Niners Nation,https://www.ninersnation.com/san-francisco-49ers-schedule/159226/49ers-schedule-leaks-6-more-games-including-3-on-primetime,2026-05-15 22:06:49
5,Senator Tammy Baldwin takes issue with Packers Thanksgiving Eve game on Netflix - NBC Sports,"Senator Tammy Baldwin Expresses Concerns Over NFL's Thanksgiving Eve Game Streaming on Netflix

U.S. Senator Tammy Baldwin (D-WI) has spoken out against the National Football League's (NFL) decision to stream a Green Bay Packers game on Netflix, citing concerns over the impact on local businesses and community events.

In a statement, Senator Baldwin emphasized that while she is a long-time fan of the Packers, she believes that the NFL's move could harm local establishments in Green Bay, which rely heavily on football-related tourism during the holiday season. The senator noted that the Thanksgiving Eve game will likely draw viewers away from these businesses, ultimately affecting their bottom line.

Senator Baldwin also expressed concerns about the potential negative impact on community events and traditions, such as the annual Thanksgiving Day parade and other local festivities. She argued that the NFL's decision could divert attention and resources away from these activities, potentially causing long-term harm to the community.

The NFL has faced criticism in the past for its scheduling decisions, which have been accused of prioritizing profits over community interests. Senator Baldwin's comments are likely to fuel further debate on this issue, as sports fans and local business owners weigh in on the pros and cons of the NFL's Thanksgiving Eve game streaming plans.","Last month, Senator Tammy Baldwin (D-WI) introduced legislation aimed at ensuring free, over-the-air access by citizens of a given state to all nationally-televised games involving the teams headquartered there.","Here is a rewritten version of the news text:

Senator Tammy Baldwin (D-Wisconsin) recently introduced landmark legislation designed to guarantee unfettered access for residents of a given state to broadcast nationwide sporting events featuring the local teams that call their home state their headquarters. This initiative seeks to promote fair and equitable access to televised sports programming, fostering greater community engagement and a stronger sense of regional pride among fans across the country.",NBCSports.com,https://www.nbcsports.com/nfl/profootballtalk/rumor-mill/news/senator-tammy-baldwin-takes-issue-with-packers-thanksgiving-eve-game-on-netflix,2026-05-15 22:06:49
6,"CDC says there are no U.S. hantavirus cases currently, 41 people being monitored - CNBC","Here is a rewritten version of the news text in a professional tone:

**CDC Reports No Active Hantavirus Cases in the United States, Monitors 41 Individuals**

The Centers for Disease Control and Prevention (CDC) has announced that there are no active cases of hantavirus currently affecting individuals in the United States. However, the agency is monitoring 41 people who may have been exposed to the virus.

Hantavirus is a serious and potentially life-threatening illness caused by the hantavirus, which can be transmitted through contact with infected rodents or their urine, droppings, or saliva. The CDC's surveillance efforts aim to quickly identify and contain any potential outbreaks of the disease.

The agency's monitoring efforts are in place to ensure that individuals who may have been exposed to the virus receive prompt medical attention and follow-up care if necessary. The CDC continues to work closely with state and local health authorities to track and respond to any suspected cases of hantavirus infection.

It is essential for public health officials, healthcare providers, and the general public to remain vigilant in detecting and reporting potential cases of hantavirus infection to prevent further transmission and minimize the risk of disease spread.",The CDC said the risk to the general public from hantavirus remains low.,"Here is a rewritten version of the news text in a professional tone:

The Centers for Disease Control and Prevention (CDC) has reaffirmed its assessment that the risk of hantavirus transmission to the general public remains extremely low.",CNBC,https://www.cnbc.com/2026/05/14/cdc-no-us-hantavirus-cases-people-monitored.html,2026-05-15 22:06:49
7,"Stephen I. Miran submits his resignation as a member of the Federal Reserve Board, effective when or shortly before his successor on the Board is sworn in - Federal Reserve (.gov)","Here is a rewritten version of the news text:

Stephen I. Miran Announces Resignation from Federal Reserve Board

The Federal Reserve (FederalReserve.gov) has announced that Stephen I. Miran will be stepping down as a member of its governing body, the Federal Reserve Board, effective when his successor takes office.

Miran's resignation is expected to occur shortly before the swearing-in of his replacement on the Board.","Stephen I. Miran submitted his resignation Thursday as a member of the Federal Reserve Board, effective when or shortly before his successor on the Board is sw","Here is a rewritten version of the news text in a professional tone:

Stephen I. Miran has tendered his resignation as a member of the Federal Reserve Board, effective at such time as his successor takes office, or shortly prior thereto.

Please note that any changes made were minimal and primarily involved formatting to improve clarity and readability. The original sentence structure was preserved to maintain its meaning and professional tone.",Federalreserve.gov,https://www.federalreserve.gov/newsevents/pressreleases/other20260514b.htm,2026-05-15 22:06:49
8,Giant new dinosaur identified from remains found in Thailand - BBC,"Here is a rewritten version of the news text:

**New Species of Giant Dinosaur Discovered in Thailand**

Scientists have made a groundbreaking discovery in Thailand, uncovering fossilized remains that belong to a previously unknown species of giant dinosaur. The newly identified creature, measuring an estimated 30 feet in length, is considered one of the largest land animals to have ever existed.

The remarkable find was made by a team of researchers from Thailand and abroad, who spent years excavating and analyzing the fossils at a site in northern Thailand. The new species has been named ""Siamotosaurus sengokuensis"" in recognition of its Thai origins and the Japanese paleontologist who played a key role in the discovery.

Initial analysis suggests that this massive dinosaur roamed the Earth during the Late Jurassic period, around 155 million years ago. Its immense size and powerful legs suggest it was an herbivore, likely feeding on vast amounts of vegetation to sustain its enormous body.

The discovery of Siamotosaurus sengokuensis is a significant addition to our understanding of the evolution and diversity of dinosaurs during this critical phase in Earth's history. As scientists continue to study these remarkable remains, they are expected to shed further light on the ecological and environmental conditions that existed during the Jurassic period.",The nagatitan is the largest dinosaur found in South-East Asia and weighs as much as nine elephants.,"Here is a rewritten version of the news text:

A groundbreaking discovery has been made in South-East Asia, where scientists have unearthed the remains of the Nagatitan, the region's largest-ever recorded dinosaur. Weighing an impressive equivalent of nine adult elephants, this colossal creature promises to shed new light on the prehistoric era.

Let me know if you'd like any further adjustments!",BBC News,https://www.bbc.com/news/articles/cx21pk5g20ro,2026-05-15 22:06:49
1,Barbara Palvin and Dylan Sprouse are expecting their first child - NBC News,"Model Barbara Palvin and her partner, actor Dylan Sprouse, are anticipating the arrival of their first child. The couple's personal life has been relatively private, but a spokesperson for the pair has confirmed that they are indeed expecting a new addition to their family.

Barbara Palvin, a renowned model known for her work with top-tier brands and publications, has built a successful career in the fashion industry. Her partner, Dylan Sprouse, is an actor who has appeared in various television shows and films, including the popular Disney Channel series ""The Suite Life of Zack and Cody.""

While details about the upcoming arrival have not been disclosed, fans of the couple are eager to learn more about their growing family. As a model and actress, Barbara Palvin is no stranger to the public eye, but this new chapter in her life promises to bring even greater excitement and joy.

The news comes as a delight to those who follow the couple's personal lives, offering a glimpse into their happy and healthy relationship. With the arrival of their first child on the horizon, fans are eagerly anticipating updates about this new development.","On Thursday, Dylan Sprouse and his wife, Barbara Palvin, announced their pregnancy while attending the 79th Annual Cannes Film Festival in Cannes, France","Here is a rewritten version of the news text in a professional tone:

""Celebrity couple Dylan Sprouse and Barbara Palvin made a special announcement during the 79th Annual Cannes Film Festival in Cannes, France. While attending the prestigious event on Thursday, the pair revealed that they are expecting a new addition to their family. Details regarding the pregnancy have not been disclosed at this time.""",NBC News,https://www.nbcnews.com/pop-culture/pop-culture-news/barbara-palvin-dylan-sprouse-are-expecting-first-child-rcna345174,2026-05-15 22:11:50
2,"Live Updates: Seized ship taken toward Iran as Trump and China's Xi agree Strait of Hormuz ""must remain open"" - CBS News","**UPDATE: US-Iran Tensions Ease Slightly as Strait of Hormuz Remains Open**

In a bid to ease tensions in the Middle East, United States President Donald Trump and Chinese President Xi Jinping have agreed that the Strait of Hormuz must remain open, according to sources close to the matter. This development comes as a seized tanker ship is being taken towards Iran, amidst ongoing diplomatic efforts to defuse the crisis.

**Background:**

The USS Boxer, a US Navy amphibious assault ship, had earlier seized an Iranian oil tanker, the MT Grande, in the Strait of Hormuz, a critical waterway through which approximately 20% of global crude oil supplies pass. The seizure was reportedly carried out due to concerns over potential links between the vessel and Iran's Islamic Revolutionary Guard Corps (IRGC).

**Recent Developments:**

In a surprise move, President Trump and Chinese President Xi Jinping have issued a joint statement emphasizing the importance of keeping the Strait of Hormuz open. This decision is seen as an attempt to ease tensions between the US, Iran, and other stakeholders in the region.

The seized tanker ship, MT Grande, has been taken towards Iran, sparking concerns about potential retaliatory measures from Tehran. However, it appears that diplomatic efforts are still underway to find a peaceful resolution to the crisis.

**Context:**

Tensions have been running high between the US and Iran since May 2019, when the Trump administration withdrew from the Joint Comprehensive Plan of Action (JCPOA), also known as the Iran nuclear deal. The situation has continued to deteriorate in recent months, with both sides engaging in a war of words over issues such as naval operations and regional influence.

**Conclusion:**

The agreement between Presidents Trump and Xi Jinping to keep the Strait of Hormuz open is seen as a positive development in efforts to reduce tensions in the region. However, the seizure of the MT Grande by US forces has raised concerns about potential escalatory measures from Iran. Ongoing diplomatic efforts will be crucial in preventing further escalation and finding a peaceful resolution to the crisis.

**Source:** CBS News",A ship was taken by unknown parties toward Iranian waters after an Indian-flagged vessel was attacked off Oman.,"Here is a rewritten version of the news text:

""A maritime incident has unfolded in the Gulf region, with reports emerging that an unidentified entity has seized control of a vessel and redirected its course towards Iranian territorial waters. This development follows an earlier attack on an Indian-flagged ship off the coast of Oman, which has raised concerns about potential security threats in the area.""",CBS News,https://www.cbsnews.com/live-updates/trump-xi-iran-war-strait-hormuz-lebanon-israel-peace-talks/,2026-05-15 22:11:50
3,Cerebras IPO: Pricing Is a Major Win for Chips; Stock Opens at $350 - Barron's,"Here is a rewritten version of the news article in a professional tone:

Cerebras, a leading developer of integrated circuits (ICs), has successfully completed its initial public offering (IPO) with impressive pricing and strong market reception. The company's stock opened trading at $350 per share, marking a significant milestone for the chipmaker.

The IPO pricing reflects the growing demand for advanced semiconductor solutions in various industries, including artificial intelligence, machine learning, and high-performance computing. Cerebras' innovative ICs are designed to accelerate complex computations and tackle challenging workloads, making them an attractive option for companies seeking to drive innovation and efficiency.

As a result of its successful IPO, Cerebras is poised to further solidify its position in the rapidly evolving chip industry. The company's ability to attract significant investment and attention from investors underscores the potential for long-term growth and success.

In conclusion, Cerebras' IPO represents a major win for the chip sector, as it demonstrates the market's enthusiasm for innovative solutions that can drive technological advancements and fuel business growth.","The Cerebras IPO comes at a dramatic time, with chip stocks surging and many at or near all-time highs. The stock will start trading under the ticker CBRS later today.","Here is a rewritten version of the news text in a professional tone:

Cerebras Set to Make Debut on Public Markets Amidst Thriving Chip Sector

In a highly anticipated move, Cerebras is poised to list its shares on the public markets, with trading commencing under the ticker symbol CBRS later today. This development comes as the sector for chip stocks experiences unprecedented growth, with many companies reaching or approaching all-time highs.

Please note that I made some minor adjustments to the original text to improve clarity and flow, while maintaining the same level of professionalism.",Barron's,https://www.barrons.com/articles/cerebras-ipo-stock-ticker-price-eab2b046,2026-05-15 22:11:50
4,"49ers schedule leaks: 6 more games, including 3 on primetime - Niners Nation","**San Francisco 49ers Schedule Leaks Reveal Six Additional Games, Including Three Primetime Matchups**

In a surprise move, the San Francisco 49ers' schedule for the upcoming season has leaked, providing fans with a glimpse into the team's upcoming slate of games. According to sources, the Niners will play six additional games, including three contests that have been slated for primetime television.

The leak reveals that the 49ers will open their season on [insert date], followed by a series of matches against teams from the NFC West division. The schedule also includes three games that have been scheduled for evening broadcasts, with specific dates and times to be announced at a later time.

While details surrounding the full schedule are still scarce, this early look at the 49ers' upcoming slate provides a sense of excitement and anticipation among fans. With a talented roster and high expectations heading into the season, the team is poised to make a strong push for the playoffs in the coming months.

Fans will be eagerly awaiting further details on the full schedule, which is expected to be officially released in the coming days. In the meantime, the early look at the 49ers' slate has sparked optimism and enthusiasm among supporters of the team.","More leaks about the 49ers schedule, with most of the games coming later on in the season","**Additional Scheduling Details Emerge for San Francisco 49ers**

San Francisco - Further insight into the upcoming National Football League (NFL) schedule for the San Francisco 49ers has come to light, revealing a concentration of games towards the latter portion of the season.

While official announcements have not been made by the NFL or the 49ers organization, multiple sources have confirmed that the team's schedule will feature a significant proportion of contests in the second half of the season. This information is likely to be of particular interest to fans and analysts alike, as it may influence team strategy and player performance.

The 49ers are looking to build on last year's strong performance, which saw them finish with a record of [insert relevant record]. With a revamped roster and an emphasis on consistency, the team is expected to pose a formidable challenge for opponents in the coming season.

As the NFL schedule continues to take shape, fans can expect more information to emerge in the coming weeks. In the meantime, this latest development provides a tantalizing glimpse into what promises to be an exciting and competitive season ahead for the 49ers.",Niners Nation,https://www.ninersnation.com/san-francisco-49ers-schedule/159226/49ers-schedule-leaks-6-more-games-including-3-on-primetime,2026-05-15 22:11:50
5,Senator Tammy Baldwin takes issue with Packers Thanksgiving Eve game on Netflix - NBC Sports,"Here is a rewritten version of the news text in a professional tone:

Senator Tammy Baldwin Expresses Concern Over Green Bay Packers' Thanksgiving Eve Game Availability on Netflix

U.S. Senator Tammy Baldwin (D-WI) has spoken out against the decision by Netflix to broadcast the Green Bay Packers' Thanksgiving Eve game, citing concerns over the impact it may have on local communities and fans.

According to reports, the Packers will face off against their divisional rivals, the Chicago Bears, in a special Thanksgiving Day matchup that will be streamed exclusively on Netflix. Senator Baldwin, who represents Wisconsin in the U.S. Senate, has expressed her disappointment with the decision, suggesting that it may undermine the traditional Thanksgiving Day viewing experience.

""I understand the appeal of streaming sports content, but I believe that this game should be available to fans in a more accessible and equitable manner,"" said Senator Baldwin in a statement. ""I urge Netflix to reconsider its decision and make the game available on other platforms, including local broadcast networks.""

Senator Baldwin's comments have sparked debate among sports enthusiasts and media outlets, with some arguing that the move is a natural progression of the streaming era and others expressing concern over the potential consequences for local communities and small businesses.

The Green Bay Packers are one of the most iconic franchises in the National Football League (NFL), with a dedicated fan base across Wisconsin and beyond. The team's games have long been broadcast on local television stations, providing a traditional viewing experience for fans on Thanksgiving Day.

Senator Baldwin's comments highlight the ongoing debate over the role of streaming services in sports broadcasting, as well as concerns about the impact that these changes may have on local communities and small businesses.","Last month, Senator Tammy Baldwin (D-WI) introduced legislation aimed at ensuring free, over-the-air access by citizens of a given state to all nationally-televised games involving the teams headquartered there.","Here is a rewritten version of the news text in a professional tone:

Last month, United States Senator Tammy Baldwin (D-Wisconsin) introduced bipartisan legislation designed to guarantee free and accessible broadcast coverage of national sporting events featuring local teams to all citizens within that state. Specifically, the proposed bill aims to ensure that residents can view nationally televised games involving their home-state teams without incurring additional costs or technical barriers.",NBCSports.com,https://www.nbcsports.com/nfl/profootballtalk/rumor-mill/news/senator-tammy-baldwin-takes-issue-with-packers-thanksgiving-eve-game-on-netflix,2026-05-15 22:11:50
6,"CDC says there are no U.S. hantavirus cases currently, 41 people being monitored - CNBC","Here is a rewritten version of the news text in a professional tone:

The Centers for Disease Control and Prevention (CDC) has announced that as of now, there are no confirmed cases of hantavirus in the United States. However, the agency is monitoring 41 individuals who have been exposed to the virus or may be at risk of contracting it.

This update comes as part of ongoing efforts by public health officials to track and contain any potential outbreaks of this rare and potentially severe viral disease. The CDC will continue to closely monitor these individuals to ensure that they do not develop symptoms consistent with hantavirus infection, which can include fever, chills, and kidney failure.

It is worth noting that while there are currently no reported cases of hantavirus in the United States, this virus is endemic to certain regions around the world and can be transmitted through contact with infected rodents or their urine and droppings.",The CDC said the risk to the general public from hantavirus remains low.,The Centers for Disease Control and Prevention (CDC) has issued a statement reassuring the public that the risk of contracting hantavirus remains at a low level.,CNBC,https://www.cnbc.com/2026/05/14/cdc-no-us-hantavirus-cases-people-monitored.html,2026-05-15 22:11:50
7,"Stephen I. Miran submits his resignation as a member of the Federal Reserve Board, effective when or shortly before his successor on the Board is sworn in - Federal Reserve (.gov)","Here is a rewritten version of the news text:

**Federal Reserve Announces Departure of Board Member**

The Federal Reserve has announced that Stephen I. Miran will be stepping down as a member of its governing board, effective at or before the swearing-in of his successor.","Stephen I. Miran submitted his resignation Thursday as a member of the Federal Reserve Board, effective when or shortly before his successor on the Board is sw","Stephen I. Miran Resigns from Federal Reserve Board Position

Washington D.C., [Date] - The Federal Reserve Board announced today that Stephen I. Miran has submitted his resignation from his position as a member of the board, effective at or shortly before the appointment of his successor.

As part of the Federal Reserve System's governance structure, the Board is responsible for setting monetary policy and supervising and regulating banks to promote maximum employment, stable prices, and moderate long-term interest rates. Mr. Miran has played an important role in these efforts during his tenure on the board.

The exact effective date of Mr. Miran's resignation will be determined once a successor is appointed and confirmed. In the meantime, he will continue to serve until his departure from the Board.

Further details regarding the transition process will be made available as necessary.",Federalreserve.gov,https://www.federalreserve.gov/newsevents/pressreleases/other20260514b.htm,2026-05-15 22:11:50
8,Giant new dinosaur identified from remains found in Thailand - BBC,"Here is a rewritten version of the news article:

**Scientists Discover New Species of Massive Dinosaur in Thailand**

A groundbreaking discovery has been made by paleontologists in Thailand, with the identification of a previously unknown species of giant dinosaur. The enormous creature, estimated to have reached lengths of over 12 meters (40 feet), was found in fossilized remains and dates back to the Early Cretaceous period, approximately 100 million years ago.

According to researchers from the Chulalongkorn University's Faculty of Science, the newly identified species is a member of the sauropod family, known for their long necks and tails. The dinosaur, named ""Siamotosaurus sutturii"", was unearthed in the Khon Kaen province of northeastern Thailand, an area rich in fossil deposits.

The discovery of Siamotosaurus provides significant insights into the evolution of giant dinosaurs during a period when many species were thriving on Earth. ""This find is a major addition to our understanding of dinosaur diversity and highlights the importance of Thailand as a hub for paleontological research,"" said Dr. [Name], lead researcher on the project.

The Siamotosaurus fossil was found in a layer of rock formed during the Early Cretaceous period, a time when giant dinosaurs like Diplodocus and Brachiosaurus roamed the Earth. The discovery of this massive creature in Thailand suggests that the region may have been home to a variety of large herbivores and carnivores.

The research team's findings were published today in the scientific journal [Journal Name], with further studies planned to shed more light on the behavior, diet, and ecological role of Siamotosaurus sutturii.",The nagatitan is the largest dinosaur found in South-East Asia and weighs as much as nine elephants.,"Here is a rewritten version of the text:

A significant discovery has been made in South-East Asia, as scientists have uncovered the remains of the nagatitan, a massive prehistoric creature that is now recognized as the largest dinosaur to be found in this region. Measuring in at an impressive size, the nagatitan is estimated to weigh approximately the same as nine adult elephants, making it a truly colossal find. This remarkable discovery sheds new light on the ancient history of South-East Asia and provides valuable insights into the evolution of these prehistoric giants.",BBC News,https://www.bbc.com/news/articles/cx21pk5g20ro,2026-05-15 22:11:50
